<?xml version="1.0" encoding="UTF-8"?>
<modification>
<version><![CDATA[1.2]]></version>
<author><![CDATA[peku]]></author>
<name>Matkahuolto Button</name>
<code>matkahuolto</code>
<link>http://www.pm-netti.com/</link>  
<file path="admin/controller/sale/order.php">
<operation>
<search><![CDATA[$data['date_added']]></search>
<add position="before"><![CDATA[
		    if(!empty($order_info['shipping_code'])){
			   $exp = explode(".", $order_info['shipping_code']);

			   if($exp[0] == 'matkahuolto'){
				   $data['matkahuolto'] =  $this->url->link('sale/matkahuolto', 'user_token=' . $this->session->data['user_token'] . '&order_id=' . (int)$this->request->get['order_id'] . $url, true);
			   } else {
			   	   $data['matkahuolto'] = '';
			   }
		    } else {
			   	   $data['matkahuolto'] = '';
	        }
]]></add>
</operation>
</file>
<file path="admin/language/*/sale/order.php">
<operation>
<search><![CDATA[$_['column_weight']]]></search>
<add position="after"><![CDATA[

// Button
$_['button_matkahuolto']    = 'Matkahuollon osoitekortti';]]></add>
</operation>
</file> 
<file path="admin/view/template/sale/order_info.twig">
<operation>
<search><![CDATA[<div class="pull-right"><a href="{{ invoice }}]]></search>
<add position="replace"><![CDATA[<div class="pull-right">{% if matkahuolto %}<a href="{{ matkahuolto }}" target="_blank" data-toggle="tooltip" title="{{ button_matkahuolto }}" class="btn btn-primary"><i class="fa fa-bus"></i></a>{% endif %}<a href="{{ invoice }}]]></add>
</operation>
</file>
</modification>

